{
  "checkpoint1": {
    "path": "faap_outputs/faap_outputs_fix11_contrastive_gpu_20260410/checkpoints/epoch_0002.pth",
    "epoch": 2,
    "disp_female": 0.08312385529279709,
    "disp_male": 0,
    "disp_ratio": 8312385.529279709,
    "center_dist_before": 0.9032701253890991,
    "center_dist_after": 0.905083954334259,
    "center_dist_delta": 0.0018138289451599121,
    "cos_sim_before": 0.0,
    "cos_sim_after": 0.0,
    "cos_sim_delta": 0.0,
    "n_female": 500,
    "n_male": 0
  },
  "checkpoint2": {
    "path": "faap_outputs/faap_outputs_fix11_contrastive_gpu_ablation_no_l2_20260415/checkpoints/epoch_0002.pth",
    "epoch": 2,
    "disp_female": 0.07276669889688492,
    "disp_male": 0,
    "disp_ratio": 7276669.889688492,
    "center_dist_before": 0.8686887621879578,
    "center_dist_after": 0.8661215901374817,
    "center_dist_delta": -0.0025671720504760742,
    "cos_sim_before": 0.0,
    "cos_sim_after": 0.0,
    "cos_sim_delta": 0.0,
    "n_female": 500,
    "n_male": 0
  }
}