{
  "checkpoint1": {
    "path": "faap_outputs/faap_outputs_fix11_contrastive_gpu_20260410/checkpoints/epoch_0010.pth",
    "epoch": 10,
    "disp_female": 0.1397276073694229,
    "disp_male": 0,
    "disp_ratio": 13972760.736942291,
    "center_dist_before": 0.9032701253890991,
    "center_dist_after": 0.9082767963409424,
    "center_dist_delta": 0.005006670951843262,
    "cos_sim_before": 0.0,
    "cos_sim_after": 0.0,
    "cos_sim_delta": 0.0,
    "n_female": 500,
    "n_male": 0
  },
  "checkpoint2": {
    "path": "faap_outputs/faap_outputs_fix11_contrastive_gpu_ablation_no_l2_20260415/checkpoints/epoch_0010.pth",
    "epoch": 10,
    "disp_female": 0.16473673284053802,
    "disp_male": 0,
    "disp_ratio": 16473673.284053802,
    "center_dist_before": 0.8759016394615173,
    "center_dist_after": 0.8698283433914185,
    "center_dist_delta": -0.006073296070098877,
    "cos_sim_before": 0.0,
    "cos_sim_after": 0.0,
    "cos_sim_delta": 0.0,
    "n_female": 500,
    "n_male": 0
  }
}