{
  "checkpoint1": {
    "path": "faap_outputs/faap_outputs_fix11_contrastive_gpu_20260410/checkpoints/epoch_0008.pth",
    "epoch": 8,
    "disp_female": 0.12099970132112503,
    "disp_male": 0,
    "disp_ratio": 12099970.132112503,
    "center_dist_before": 0.9032701253890991,
    "center_dist_after": 0.9076255559921265,
    "center_dist_delta": 0.004355430603027344,
    "cos_sim_before": 0.0,
    "cos_sim_after": 0.0,
    "cos_sim_delta": 0.0,
    "n_female": 500,
    "n_male": 0
  },
  "checkpoint2": {
    "path": "faap_outputs/faap_outputs_fix11_contrastive_gpu_ablation_no_l2_20260415/checkpoints/epoch_0008.pth",
    "epoch": 8,
    "disp_female": 0.15732716023921967,
    "disp_male": 0,
    "disp_ratio": 15732716.023921967,
    "center_dist_before": 0.8676747679710388,
    "center_dist_after": 0.8617843389511108,
    "center_dist_delta": -0.0058904290199279785,
    "cos_sim_before": 0.0,
    "cos_sim_after": 0.0,
    "cos_sim_delta": 0.0,
    "n_female": 500,
    "n_male": 0
  }
}