{
  "baseline": {
    "male": {
      "AP": 0.5103450835195225,
      "AR": 0.8359197124026364
    },
    "female": {
      "AP": 0.41260721298229797,
      "AR": 0.8318982387475538
    }
  },
  "perturbed": {
    "male": {
      "AP": 0.5103450835195225,
      "AR": 0.8359197124026364
    },
    "female": {
      "AP": 0.41260721298229797,
      "AR": 0.8318982387475538
    }
  },
  "deltas": {
    "male": {
      "AP": 0.0,
      "AR": 0.0
    },
    "female": {
      "AP": 0.0,
      "AR": 0.0
    }
  },
  "details": {
    "baseline": {
      "male": {
        "AP@[0.50:0.95]_all_100": 0.5103450835195225,
        "AP@[0.50]_all_100": 0.6260778541945272,
        "AP@[0.75]_all_100": 0.5624890257137547,
        "AP@[0.50:0.95]_small_100": 0.1361194683004212,
        "AP@[0.50:0.95]_medium_100": 0.06370195924965824,
        "AP@[0.50:0.95]_large_100": 0.5259134212983602,
        "AR@[0.50:0.95]_all_1": 0.44754343918514083,
        "AR@[0.50:0.95]_all_10": 0.8053025763930497,
        "AR@[0.50:0.95]_all_100": 0.8359197124026364,
        "AR@[0.50:0.95]_small_100": 0.26,
        "AR@[0.50:0.95]_medium_100": 0.4455696202531646,
        "AR@[0.50:0.95]_large_100": 0.846281499692686
      },
      "female": {
        "AP@[0.50:0.95]_all_100": 0.41260721298229797,
        "AP@[0.50]_all_100": 0.52024576654619,
        "AP@[0.75]_all_100": 0.4550701951884835,
        "AP@[0.50:0.95]_small_100": 0.1,
        "AP@[0.50:0.95]_medium_100": 0.15120022159879548,
        "AP@[0.50:0.95]_large_100": 0.4192578058219728,
        "AR@[0.50:0.95]_all_1": 0.4509784735812133,
        "AR@[0.50:0.95]_all_10": 0.8013698630136986,
        "AR@[0.50:0.95]_all_100": 0.8318982387475538,
        "AR@[0.50:0.95]_small_100": 0.4,
        "AR@[0.50:0.95]_medium_100": 0.6100000000000001,
        "AR@[0.50:0.95]_large_100": 0.8345202769535114
      }
    },
    "perturbed": {
      "male": {
        "AP@[0.50:0.95]_all_100": 0.5103450835195225,
        "AP@[0.50]_all_100": 0.6260778541945272,
        "AP@[0.75]_all_100": 0.5624890257137547,
        "AP@[0.50:0.95]_small_100": 0.1361194683004212,
        "AP@[0.50:0.95]_medium_100": 0.06370195924965824,
        "AP@[0.50:0.95]_large_100": 0.5259134212983602,
        "AR@[0.50:0.95]_all_1": 0.44754343918514083,
        "AR@[0.50:0.95]_all_10": 0.8053025763930497,
        "AR@[0.50:0.95]_all_100": 0.8359197124026364,
        "AR@[0.50:0.95]_small_100": 0.26,
        "AR@[0.50:0.95]_medium_100": 0.4455696202531646,
        "AR@[0.50:0.95]_large_100": 0.846281499692686
      },
      "female": {
        "AP@[0.50:0.95]_all_100": 0.41260721298229797,
        "AP@[0.50]_all_100": 0.52024576654619,
        "AP@[0.75]_all_100": 0.4550701951884835,
        "AP@[0.50:0.95]_small_100": 0.1,
        "AP@[0.50:0.95]_medium_100": 0.15120022159879548,
        "AP@[0.50:0.95]_large_100": 0.4192578058219728,
        "AR@[0.50:0.95]_all_1": 0.4509784735812133,
        "AR@[0.50:0.95]_all_10": 0.8013698630136986,
        "AR@[0.50:0.95]_all_100": 0.8318982387475538,
        "AR@[0.50:0.95]_small_100": 0.4,
        "AR@[0.50:0.95]_medium_100": 0.6100000000000001,
        "AR@[0.50:0.95]_large_100": 0.8345202769535114
      }
    }
  },
  "details_text": {
    "baseline": {
      "male": " Average Precision  (AP) @[ IoU=0.50:0.95 | area=   all | maxDets=100 ] = 0.510\n Average Precision  (AP) @[ IoU=0.50      | area=   all | maxDets=100 ] = 0.626\n Average Precision  (AP) @[ IoU=0.75      | area=   all | maxDets=100 ] = 0.562\n Average Precision  (AP) @[ IoU=0.50:0.95 | area= small | maxDets=100 ] = 0.136\n Average Precision  (AP) @[ IoU=0.50:0.95 | area=medium | maxDets=100 ] = 0.064\n Average Precision  (AP) @[ IoU=0.50:0.95 | area= large | maxDets=100 ] = 0.526\n Average Recall     (AR) @[ IoU=0.50:0.95 | area=   all | maxDets=  1 ] = 0.448\n Average Recall     (AR) @[ IoU=0.50:0.95 | area=   all | maxDets= 10 ] = 0.805\n Average Recall     (AR) @[ IoU=0.50:0.95 | area=   all | maxDets=100 ] = 0.836\n Average Recall     (AR) @[ IoU=0.50:0.95 | area= small | maxDets=100 ] = 0.260\n Average Recall     (AR) @[ IoU=0.50:0.95 | area=medium | maxDets=100 ] = 0.446\n Average Recall     (AR) @[ IoU=0.50:0.95 | area= large | maxDets=100 ] = 0.846",
      "female": " Average Precision  (AP) @[ IoU=0.50:0.95 | area=   all | maxDets=100 ] = 0.413\n Average Precision  (AP) @[ IoU=0.50      | area=   all | maxDets=100 ] = 0.520\n Average Precision  (AP) @[ IoU=0.75      | area=   all | maxDets=100 ] = 0.455\n Average Precision  (AP) @[ IoU=0.50:0.95 | area= small | maxDets=100 ] = 0.100\n Average Precision  (AP) @[ IoU=0.50:0.95 | area=medium | maxDets=100 ] = 0.151\n Average Precision  (AP) @[ IoU=0.50:0.95 | area= large | maxDets=100 ] = 0.419\n Average Recall     (AR) @[ IoU=0.50:0.95 | area=   all | maxDets=  1 ] = 0.451\n Average Recall     (AR) @[ IoU=0.50:0.95 | area=   all | maxDets= 10 ] = 0.801\n Average Recall     (AR) @[ IoU=0.50:0.95 | area=   all | maxDets=100 ] = 0.832\n Average Recall     (AR) @[ IoU=0.50:0.95 | area= small | maxDets=100 ] = 0.400\n Average Recall     (AR) @[ IoU=0.50:0.95 | area=medium | maxDets=100 ] = 0.610\n Average Recall     (AR) @[ IoU=0.50:0.95 | area= large | maxDets=100 ] = 0.835"
    },
    "perturbed": {
      "male": " Average Precision  (AP) @[ IoU=0.50:0.95 | area=   all | maxDets=100 ] = 0.510\n Average Precision  (AP) @[ IoU=0.50      | area=   all | maxDets=100 ] = 0.626\n Average Precision  (AP) @[ IoU=0.75      | area=   all | maxDets=100 ] = 0.562\n Average Precision  (AP) @[ IoU=0.50:0.95 | area= small | maxDets=100 ] = 0.136\n Average Precision  (AP) @[ IoU=0.50:0.95 | area=medium | maxDets=100 ] = 0.064\n Average Precision  (AP) @[ IoU=0.50:0.95 | area= large | maxDets=100 ] = 0.526\n Average Recall     (AR) @[ IoU=0.50:0.95 | area=   all | maxDets=  1 ] = 0.448\n Average Recall     (AR) @[ IoU=0.50:0.95 | area=   all | maxDets= 10 ] = 0.805\n Average Recall     (AR) @[ IoU=0.50:0.95 | area=   all | maxDets=100 ] = 0.836\n Average Recall     (AR) @[ IoU=0.50:0.95 | area= small | maxDets=100 ] = 0.260\n Average Recall     (AR) @[ IoU=0.50:0.95 | area=medium | maxDets=100 ] = 0.446\n Average Recall     (AR) @[ IoU=0.50:0.95 | area= large | maxDets=100 ] = 0.846",
      "female": " Average Precision  (AP) @[ IoU=0.50:0.95 | area=   all | maxDets=100 ] = 0.413\n Average Precision  (AP) @[ IoU=0.50      | area=   all | maxDets=100 ] = 0.520\n Average Precision  (AP) @[ IoU=0.75      | area=   all | maxDets=100 ] = 0.455\n Average Precision  (AP) @[ IoU=0.50:0.95 | area= small | maxDets=100 ] = 0.100\n Average Precision  (AP) @[ IoU=0.50:0.95 | area=medium | maxDets=100 ] = 0.151\n Average Precision  (AP) @[ IoU=0.50:0.95 | area= large | maxDets=100 ] = 0.419\n Average Recall     (AR) @[ IoU=0.50:0.95 | area=   all | maxDets=  1 ] = 0.451\n Average Recall     (AR) @[ IoU=0.50:0.95 | area=   all | maxDets= 10 ] = 0.801\n Average Recall     (AR) @[ IoU=0.50:0.95 | area=   all | maxDets=100 ] = 0.832\n Average Recall     (AR) @[ IoU=0.50:0.95 | area= small | maxDets=100 ] = 0.400\n Average Recall     (AR) @[ IoU=0.50:0.95 | area=medium | maxDets=100 ] = 0.610\n Average Recall     (AR) @[ IoU=0.50:0.95 | area= large | maxDets=100 ] = 0.835"
    }
  },
  "gaps": {
    "AP": {
      "baseline": 0.09773787053722449,
      "perturbed": 0.09773787053722449
    },
    "AR": {
      "baseline": 0.004021473655082652,
      "perturbed": 0.004021473655082652
    }
  },
  "hyperparams": {
    "epsilon": 0.05,
    "generator_checkpoint": null,
    "detr_checkpoint": "/workspace/detr/detr-r50-e632da11.pth",
    "split": "test",
    "batch_size": 10
  },
  "notes": {
    "perturbation_applied_to_male": false,
    "perturbation_applied_to_female": false
  },
  "generated_at": "2026-03-03T17:32:12.991149+00:00"
}