{
  "baseline": {
    "male": {
      "AP": 0.5105519229289354,
      "AR": 0.8256522394812246
    },
    "female": {
      "AP": 0.404164591493899,
      "AR": 0.82705078125
    }
  },
  "perturbed": {
    "male": {
      "AP": 0.5126054526429742,
      "AR": 0.827763534911778
    },
    "female": {
      "AP": 0.40668337568799456,
      "AR": 0.827734375
    }
  },
  "deltas": {
    "male": {
      "AP": 0.0020535297140388264,
      "AR": 0.0021112954305534393
    },
    "female": {
      "AP": 0.002518784194095569,
      "AR": 0.0006835937500000444
    }
  },
  "details": {
    "baseline": {
      "male": {
        "AP@[0.50:0.95]_all_100": 0.5105519229289354,
        "AP@[0.50]_all_100": 0.6304572253251641,
        "AP@[0.75]_all_100": 0.5645580398778004,
        "AP@[0.50:0.95]_small_100": 0.0015591742528539767,
        "AP@[0.50:0.95]_medium_100": 0.07181350855145846,
        "AP@[0.50:0.95]_large_100": 0.5261827879427052,
        "AR@[0.50:0.95]_all_1": 0.4488010858090785,
        "AR@[0.50:0.95]_all_10": 0.7973608807118082,
        "AR@[0.50:0.95]_all_100": 0.8256522394812246,
        "AR@[0.50:0.95]_small_100": 0.2375,
        "AR@[0.50:0.95]_medium_100": 0.47175141242937857,
        "AR@[0.50:0.95]_large_100": 0.8360999069190196
      },
      "female": {
        "AP@[0.50:0.95]_all_100": 0.404164591493899,
        "AP@[0.50]_all_100": 0.5121756851308705,
        "AP@[0.75]_all_100": 0.4501488838841714,
        "AP@[0.50:0.95]_small_100": -1.0,
        "AP@[0.50:0.95]_medium_100": 0.05112952438601578,
        "AP@[0.50:0.95]_large_100": 0.41395704871001465,
        "AR@[0.50:0.95]_all_1": 0.45400390625,
        "AR@[0.50:0.95]_all_10": 0.802392578125,
        "AR@[0.50:0.95]_all_100": 0.82705078125,
        "AR@[0.50:0.95]_small_100": -1.0,
        "AR@[0.50:0.95]_medium_100": 0.4774193548387097,
        "AR@[0.50:0.95]_large_100": 0.8324243926623698
      }
    },
    "perturbed": {
      "male": {
        "AP@[0.50:0.95]_all_100": 0.5126054526429742,
        "AP@[0.50]_all_100": 0.6315930703026696,
        "AP@[0.75]_all_100": 0.5655456559685684,
        "AP@[0.50:0.95]_small_100": 0.00432358216379751,
        "AP@[0.50:0.95]_medium_100": 0.072936159090505,
        "AP@[0.50:0.95]_large_100": 0.5283421080906049,
        "AR@[0.50:0.95]_all_1": 0.456160458452722,
        "AR@[0.50:0.95]_all_10": 0.8003317749962298,
        "AR@[0.50:0.95]_all_100": 0.827763534911778,
        "AR@[0.50:0.95]_small_100": 0.3125,
        "AR@[0.50:0.95]_medium_100": 0.46214689265536724,
        "AR@[0.50:0.95]_large_100": 0.8384424449270865
      },
      "female": {
        "AP@[0.50:0.95]_all_100": 0.40668337568799456,
        "AP@[0.50]_all_100": 0.5170811598331936,
        "AP@[0.75]_all_100": 0.454349536803579,
        "AP@[0.50:0.95]_small_100": -1.0,
        "AP@[0.50:0.95]_medium_100": 0.040442972622679936,
        "AP@[0.50:0.95]_large_100": 0.41670253436311017,
        "AR@[0.50:0.95]_all_1": 0.45087890625,
        "AR@[0.50:0.95]_all_10": 0.803759765625,
        "AR@[0.50:0.95]_all_100": 0.827734375,
        "AR@[0.50:0.95]_small_100": -1.0,
        "AR@[0.50:0.95]_medium_100": 0.4612903225806451,
        "AR@[0.50:0.95]_large_100": 0.8333663857213685
      }
    }
  },
  "details_text": {
    "baseline": {
      "male": " Average Precision  (AP) @[ IoU=0.50:0.95 | area=   all | maxDets=100 ] = 0.511\n Average Precision  (AP) @[ IoU=0.50      | area=   all | maxDets=100 ] = 0.630\n Average Precision  (AP) @[ IoU=0.75      | area=   all | maxDets=100 ] = 0.565\n Average Precision  (AP) @[ IoU=0.50:0.95 | area= small | maxDets=100 ] = 0.002\n Average Precision  (AP) @[ IoU=0.50:0.95 | area=medium | maxDets=100 ] = 0.072\n Average Precision  (AP) @[ IoU=0.50:0.95 | area= large | maxDets=100 ] = 0.526\n Average Recall     (AR) @[ IoU=0.50:0.95 | area=   all | maxDets=  1 ] = 0.449\n Average Recall     (AR) @[ IoU=0.50:0.95 | area=   all | maxDets= 10 ] = 0.797\n Average Recall     (AR) @[ IoU=0.50:0.95 | area=   all | maxDets=100 ] = 0.826\n Average Recall     (AR) @[ IoU=0.50:0.95 | area= small | maxDets=100 ] = 0.237\n Average Recall     (AR) @[ IoU=0.50:0.95 | area=medium | maxDets=100 ] = 0.472\n Average Recall     (AR) @[ IoU=0.50:0.95 | area= large | maxDets=100 ] = 0.836",
      "female": " Average Precision  (AP) @[ IoU=0.50:0.95 | area=   all | maxDets=100 ] = 0.404\n Average Precision  (AP) @[ IoU=0.50      | area=   all | maxDets=100 ] = 0.512\n Average Precision  (AP) @[ IoU=0.75      | area=   all | maxDets=100 ] = 0.450\n Average Precision  (AP) @[ IoU=0.50:0.95 | area= small | maxDets=100 ] = -1.000\n Average Precision  (AP) @[ IoU=0.50:0.95 | area=medium | maxDets=100 ] = 0.051\n Average Precision  (AP) @[ IoU=0.50:0.95 | area= large | maxDets=100 ] = 0.414\n Average Recall     (AR) @[ IoU=0.50:0.95 | area=   all | maxDets=  1 ] = 0.454\n Average Recall     (AR) @[ IoU=0.50:0.95 | area=   all | maxDets= 10 ] = 0.802\n Average Recall     (AR) @[ IoU=0.50:0.95 | area=   all | maxDets=100 ] = 0.827\n Average Recall     (AR) @[ IoU=0.50:0.95 | area= small | maxDets=100 ] = -1.000\n Average Recall     (AR) @[ IoU=0.50:0.95 | area=medium | maxDets=100 ] = 0.477\n Average Recall     (AR) @[ IoU=0.50:0.95 | area= large | maxDets=100 ] = 0.832"
    },
    "perturbed": {
      "male": " Average Precision  (AP) @[ IoU=0.50:0.95 | area=   all | maxDets=100 ] = 0.513\n Average Precision  (AP) @[ IoU=0.50      | area=   all | maxDets=100 ] = 0.632\n Average Precision  (AP) @[ IoU=0.75      | area=   all | maxDets=100 ] = 0.566\n Average Precision  (AP) @[ IoU=0.50:0.95 | area= small | maxDets=100 ] = 0.004\n Average Precision  (AP) @[ IoU=0.50:0.95 | area=medium | maxDets=100 ] = 0.073\n Average Precision  (AP) @[ IoU=0.50:0.95 | area= large | maxDets=100 ] = 0.528\n Average Recall     (AR) @[ IoU=0.50:0.95 | area=   all | maxDets=  1 ] = 0.456\n Average Recall     (AR) @[ IoU=0.50:0.95 | area=   all | maxDets= 10 ] = 0.800\n Average Recall     (AR) @[ IoU=0.50:0.95 | area=   all | maxDets=100 ] = 0.828\n Average Recall     (AR) @[ IoU=0.50:0.95 | area= small | maxDets=100 ] = 0.312\n Average Recall     (AR) @[ IoU=0.50:0.95 | area=medium | maxDets=100 ] = 0.462\n Average Recall     (AR) @[ IoU=0.50:0.95 | area= large | maxDets=100 ] = 0.838",
      "female": " Average Precision  (AP) @[ IoU=0.50:0.95 | area=   all | maxDets=100 ] = 0.407\n Average Precision  (AP) @[ IoU=0.50      | area=   all | maxDets=100 ] = 0.517\n Average Precision  (AP) @[ IoU=0.75      | area=   all | maxDets=100 ] = 0.454\n Average Precision  (AP) @[ IoU=0.50:0.95 | area= small | maxDets=100 ] = -1.000\n Average Precision  (AP) @[ IoU=0.50:0.95 | area=medium | maxDets=100 ] = 0.040\n Average Precision  (AP) @[ IoU=0.50:0.95 | area= large | maxDets=100 ] = 0.417\n Average Recall     (AR) @[ IoU=0.50:0.95 | area=   all | maxDets=  1 ] = 0.451\n Average Recall     (AR) @[ IoU=0.50:0.95 | area=   all | maxDets= 10 ] = 0.804\n Average Recall     (AR) @[ IoU=0.50:0.95 | area=   all | maxDets=100 ] = 0.828\n Average Recall     (AR) @[ IoU=0.50:0.95 | area= small | maxDets=100 ] = -1.000\n Average Recall     (AR) @[ IoU=0.50:0.95 | area=medium | maxDets=100 ] = 0.461\n Average Recall     (AR) @[ IoU=0.50:0.95 | area= large | maxDets=100 ] = 0.833"
    }
  },
  "gaps": {
    "AP": {
      "baseline": 0.10638733143503637,
      "perturbed": 0.10592207695497963
    },
    "AR": {
      "baseline": -0.0013985417687754076,
      "perturbed": 2.915991177798727e-05
    }
  },
  "hyperparams": {
    "epsilon": 0.05,
    "generator_checkpoint": "/home/dohyeong/Desktop/faap_gan/faap_outputs_w/checkpoints/epoch_0008.pth",
    "detr_checkpoint": "/home/dohyeong/Desktop/detr/detr-r50-e632da11.pth",
    "split": "val",
    "batch_size": 16
  },
  "notes": {
    "perturbation_applied_to_male": true,
    "perturbation_applied_to_female": true
  }
}