{
  "baseline": {
    "male": {
      "AP": 0.5105519229289354,
      "AR": 0.8256522394812246
    },
    "female": {
      "AP": 0.404164591493899,
      "AR": 0.82705078125
    }
  },
  "perturbed": {
    "male": {
      "AP": 0.5111121733685804,
      "AR": 0.8288041019454079
    },
    "female": {
      "AP": 0.4034797887292297,
      "AR": 0.828369140625
    }
  },
  "deltas": {
    "male": {
      "AP": 0.000560250439645027,
      "AR": 0.003151862464183308
    },
    "female": {
      "AP": -0.0006848027646693122,
      "AR": 0.0013183593750000222
    }
  },
  "details": {
    "baseline": {
      "male": {
        "AP@[0.50:0.95]_all_100": 0.5105519229289354,
        "AP@[0.50]_all_100": 0.6304572253251641,
        "AP@[0.75]_all_100": 0.5645580398778004,
        "AP@[0.50:0.95]_small_100": 0.0015591742528539767,
        "AP@[0.50:0.95]_medium_100": 0.07181350855145846,
        "AP@[0.50:0.95]_large_100": 0.5261827879427052,
        "AR@[0.50:0.95]_all_1": 0.4488010858090785,
        "AR@[0.50:0.95]_all_10": 0.7973608807118082,
        "AR@[0.50:0.95]_all_100": 0.8256522394812246,
        "AR@[0.50:0.95]_small_100": 0.2375,
        "AR@[0.50:0.95]_medium_100": 0.47175141242937857,
        "AR@[0.50:0.95]_large_100": 0.8360999069190196
      },
      "female": {
        "AP@[0.50:0.95]_all_100": 0.404164591493899,
        "AP@[0.50]_all_100": 0.5121756851308705,
        "AP@[0.75]_all_100": 0.4501488838841714,
        "AP@[0.50:0.95]_small_100": -1.0,
        "AP@[0.50:0.95]_medium_100": 0.05112952438601578,
        "AP@[0.50:0.95]_large_100": 0.41395704871001465,
        "AR@[0.50:0.95]_all_1": 0.45400390625,
        "AR@[0.50:0.95]_all_10": 0.802392578125,
        "AR@[0.50:0.95]_all_100": 0.82705078125,
        "AR@[0.50:0.95]_small_100": -1.0,
        "AR@[0.50:0.95]_medium_100": 0.4774193548387097,
        "AR@[0.50:0.95]_large_100": 0.8324243926623698
      }
    },
    "perturbed": {
      "male": {
        "AP@[0.50:0.95]_all_100": 0.5111121733685804,
        "AP@[0.50]_all_100": 0.6293382637046985,
        "AP@[0.75]_all_100": 0.564222090862859,
        "AP@[0.50:0.95]_small_100": 0.004197413387713967,
        "AP@[0.50:0.95]_medium_100": 0.07652842718830033,
        "AP@[0.50:0.95]_large_100": 0.5266202323686807,
        "AR@[0.50:0.95]_all_1": 0.4550444880108581,
        "AR@[0.50:0.95]_all_10": 0.798884029558136,
        "AR@[0.50:0.95]_all_100": 0.8288041019454079,
        "AR@[0.50:0.95]_small_100": 0.2375,
        "AR@[0.50:0.95]_medium_100": 0.4768361581920904,
        "AR@[0.50:0.95]_large_100": 0.8392026062674528
      },
      "female": {
        "AP@[0.50:0.95]_all_100": 0.4034797887292297,
        "AP@[0.50]_all_100": 0.5124173742586515,
        "AP@[0.75]_all_100": 0.45246576197624916,
        "AP@[0.50:0.95]_small_100": -1.0,
        "AP@[0.50:0.95]_medium_100": 0.0595385761147992,
        "AP@[0.50:0.95]_large_100": 0.41314153150698035,
        "AR@[0.50:0.95]_all_1": 0.453076171875,
        "AR@[0.50:0.95]_all_10": 0.805322265625,
        "AR@[0.50:0.95]_all_100": 0.828369140625,
        "AR@[0.50:0.95]_small_100": -1.0,
        "AR@[0.50:0.95]_medium_100": 0.4645161290322581,
        "AR@[0.50:0.95]_large_100": 0.833961328705999
      }
    }
  },
  "details_text": {
    "baseline": {
      "male": " Average Precision  (AP) @[ IoU=0.50:0.95 | area=   all | maxDets=100 ] = 0.511\n Average Precision  (AP) @[ IoU=0.50      | area=   all | maxDets=100 ] = 0.630\n Average Precision  (AP) @[ IoU=0.75      | area=   all | maxDets=100 ] = 0.565\n Average Precision  (AP) @[ IoU=0.50:0.95 | area= small | maxDets=100 ] = 0.002\n Average Precision  (AP) @[ IoU=0.50:0.95 | area=medium | maxDets=100 ] = 0.072\n Average Precision  (AP) @[ IoU=0.50:0.95 | area= large | maxDets=100 ] = 0.526\n Average Recall     (AR) @[ IoU=0.50:0.95 | area=   all | maxDets=  1 ] = 0.449\n Average Recall     (AR) @[ IoU=0.50:0.95 | area=   all | maxDets= 10 ] = 0.797\n Average Recall     (AR) @[ IoU=0.50:0.95 | area=   all | maxDets=100 ] = 0.826\n Average Recall     (AR) @[ IoU=0.50:0.95 | area= small | maxDets=100 ] = 0.237\n Average Recall     (AR) @[ IoU=0.50:0.95 | area=medium | maxDets=100 ] = 0.472\n Average Recall     (AR) @[ IoU=0.50:0.95 | area= large | maxDets=100 ] = 0.836",
      "female": " Average Precision  (AP) @[ IoU=0.50:0.95 | area=   all | maxDets=100 ] = 0.404\n Average Precision  (AP) @[ IoU=0.50      | area=   all | maxDets=100 ] = 0.512\n Average Precision  (AP) @[ IoU=0.75      | area=   all | maxDets=100 ] = 0.450\n Average Precision  (AP) @[ IoU=0.50:0.95 | area= small | maxDets=100 ] = -1.000\n Average Precision  (AP) @[ IoU=0.50:0.95 | area=medium | maxDets=100 ] = 0.051\n Average Precision  (AP) @[ IoU=0.50:0.95 | area= large | maxDets=100 ] = 0.414\n Average Recall     (AR) @[ IoU=0.50:0.95 | area=   all | maxDets=  1 ] = 0.454\n Average Recall     (AR) @[ IoU=0.50:0.95 | area=   all | maxDets= 10 ] = 0.802\n Average Recall     (AR) @[ IoU=0.50:0.95 | area=   all | maxDets=100 ] = 0.827\n Average Recall     (AR) @[ IoU=0.50:0.95 | area= small | maxDets=100 ] = -1.000\n Average Recall     (AR) @[ IoU=0.50:0.95 | area=medium | maxDets=100 ] = 0.477\n Average Recall     (AR) @[ IoU=0.50:0.95 | area= large | maxDets=100 ] = 0.832"
    },
    "perturbed": {
      "male": " Average Precision  (AP) @[ IoU=0.50:0.95 | area=   all | maxDets=100 ] = 0.511\n Average Precision  (AP) @[ IoU=0.50      | area=   all | maxDets=100 ] = 0.629\n Average Precision  (AP) @[ IoU=0.75      | area=   all | maxDets=100 ] = 0.564\n Average Precision  (AP) @[ IoU=0.50:0.95 | area= small | maxDets=100 ] = 0.004\n Average Precision  (AP) @[ IoU=0.50:0.95 | area=medium | maxDets=100 ] = 0.077\n Average Precision  (AP) @[ IoU=0.50:0.95 | area= large | maxDets=100 ] = 0.527\n Average Recall     (AR) @[ IoU=0.50:0.95 | area=   all | maxDets=  1 ] = 0.455\n Average Recall     (AR) @[ IoU=0.50:0.95 | area=   all | maxDets= 10 ] = 0.799\n Average Recall     (AR) @[ IoU=0.50:0.95 | area=   all | maxDets=100 ] = 0.829\n Average Recall     (AR) @[ IoU=0.50:0.95 | area= small | maxDets=100 ] = 0.237\n Average Recall     (AR) @[ IoU=0.50:0.95 | area=medium | maxDets=100 ] = 0.477\n Average Recall     (AR) @[ IoU=0.50:0.95 | area= large | maxDets=100 ] = 0.839",
      "female": " Average Precision  (AP) @[ IoU=0.50:0.95 | area=   all | maxDets=100 ] = 0.403\n Average Precision  (AP) @[ IoU=0.50      | area=   all | maxDets=100 ] = 0.512\n Average Precision  (AP) @[ IoU=0.75      | area=   all | maxDets=100 ] = 0.452\n Average Precision  (AP) @[ IoU=0.50:0.95 | area= small | maxDets=100 ] = -1.000\n Average Precision  (AP) @[ IoU=0.50:0.95 | area=medium | maxDets=100 ] = 0.060\n Average Precision  (AP) @[ IoU=0.50:0.95 | area= large | maxDets=100 ] = 0.413\n Average Recall     (AR) @[ IoU=0.50:0.95 | area=   all | maxDets=  1 ] = 0.453\n Average Recall     (AR) @[ IoU=0.50:0.95 | area=   all | maxDets= 10 ] = 0.805\n Average Recall     (AR) @[ IoU=0.50:0.95 | area=   all | maxDets=100 ] = 0.828\n Average Recall     (AR) @[ IoU=0.50:0.95 | area= small | maxDets=100 ] = -1.000\n Average Recall     (AR) @[ IoU=0.50:0.95 | area=medium | maxDets=100 ] = 0.465\n Average Recall     (AR) @[ IoU=0.50:0.95 | area= large | maxDets=100 ] = 0.834"
    }
  },
  "gaps": {
    "AP": {
      "baseline": 0.10638733143503637,
      "perturbed": 0.10763238463935071
    },
    "AR": {
      "baseline": -0.0013985417687754076,
      "perturbed": 0.0004349613204078784
    }
  },
  "hyperparams": {
    "epsilon": 0.05,
    "generator_checkpoint": "/home/dohyeong/Desktop/faap_gan/faap_outputs/checkpoints/epoch_0021.pth",
    "detr_checkpoint": "/home/dohyeong/Desktop/detr/detr-r50-e632da11.pth",
    "split": "val",
    "batch_size": 16
  },
  "notes": {
    "perturbation_applied_to_male": true,
    "perturbation_applied_to_female": true
  }
}