{
  "baseline": {
    "male": {
      "AP": 0.5105519229289354,
      "AR": 0.8256522394812246
    },
    "female": {
      "AP": 0.404164591493899,
      "AR": 0.82705078125
    }
  },
  "perturbed": {
    "male": {
      "AP": 0.5125508678446349,
      "AR": 0.827522244005429
    },
    "female": {
      "AP": 0.408004392708435,
      "AR": 0.83017578125
    }
  },
  "deltas": {
    "male": {
      "AP": 0.0019989449156995187,
      "AR": 0.0018700045242043828
    },
    "female": {
      "AP": 0.0038398012145360316,
      "AR": 0.0031250000000000444
    }
  },
  "details": {
    "baseline": {
      "male": {
        "AP@[0.50:0.95]_all_100": 0.5105519229289354,
        "AP@[0.50]_all_100": 0.6304572253251641,
        "AP@[0.75]_all_100": 0.5645580398778004,
        "AP@[0.50:0.95]_small_100": 0.0015591742528539767,
        "AP@[0.50:0.95]_medium_100": 0.07181350855145846,
        "AP@[0.50:0.95]_large_100": 0.5261827879427052,
        "AR@[0.50:0.95]_all_1": 0.4488010858090785,
        "AR@[0.50:0.95]_all_10": 0.7973608807118082,
        "AR@[0.50:0.95]_all_100": 0.8256522394812246,
        "AR@[0.50:0.95]_small_100": 0.2375,
        "AR@[0.50:0.95]_medium_100": 0.47175141242937857,
        "AR@[0.50:0.95]_large_100": 0.8360999069190196
      },
      "female": {
        "AP@[0.50:0.95]_all_100": 0.404164591493899,
        "AP@[0.50]_all_100": 0.5121756851308705,
        "AP@[0.75]_all_100": 0.4501488838841714,
        "AP@[0.50:0.95]_small_100": -1.0,
        "AP@[0.50:0.95]_medium_100": 0.05112952438601578,
        "AP@[0.50:0.95]_large_100": 0.41395704871001465,
        "AR@[0.50:0.95]_all_1": 0.45400390625,
        "AR@[0.50:0.95]_all_10": 0.802392578125,
        "AR@[0.50:0.95]_all_100": 0.82705078125,
        "AR@[0.50:0.95]_small_100": -1.0,
        "AR@[0.50:0.95]_medium_100": 0.4774193548387097,
        "AR@[0.50:0.95]_large_100": 0.8324243926623698
      }
    },
    "perturbed": {
      "male": {
        "AP@[0.50:0.95]_all_100": 0.5125508678446349,
        "AP@[0.50]_all_100": 0.6307760904738723,
        "AP@[0.75]_all_100": 0.5648853862100551,
        "AP@[0.50:0.95]_small_100": 0.006232982975638397,
        "AP@[0.50:0.95]_medium_100": 0.07579850679542934,
        "AP@[0.50:0.95]_large_100": 0.5280614896967094,
        "AR@[0.50:0.95]_all_1": 0.4551048107374453,
        "AR@[0.50:0.95]_all_10": 0.7994118534157744,
        "AR@[0.50:0.95]_all_100": 0.827522244005429,
        "AR@[0.50:0.95]_small_100": 0.35,
        "AR@[0.50:0.95]_medium_100": 0.4723163841807909,
        "AR@[0.50:0.95]_large_100": 0.8378684455476264
      },
      "female": {
        "AP@[0.50:0.95]_all_100": 0.408004392708435,
        "AP@[0.50]_all_100": 0.5169617933631474,
        "AP@[0.75]_all_100": 0.45539467751901835,
        "AP@[0.50:0.95]_small_100": -1.0,
        "AP@[0.50:0.95]_medium_100": 0.04710046818959973,
        "AP@[0.50:0.95]_large_100": 0.41772680295113557,
        "AR@[0.50:0.95]_all_1": 0.451904296875,
        "AR@[0.50:0.95]_all_10": 0.8046875,
        "AR@[0.50:0.95]_all_100": 0.83017578125,
        "AR@[0.50:0.95]_small_100": -1.0,
        "AR@[0.50:0.95]_medium_100": 0.4838709677419354,
        "AR@[0.50:0.95]_large_100": 0.8354982647496282
      }
    }
  },
  "details_text": {
    "baseline": {
      "male": " Average Precision  (AP) @[ IoU=0.50:0.95 | area=   all | maxDets=100 ] = 0.511\n Average Precision  (AP) @[ IoU=0.50      | area=   all | maxDets=100 ] = 0.630\n Average Precision  (AP) @[ IoU=0.75      | area=   all | maxDets=100 ] = 0.565\n Average Precision  (AP) @[ IoU=0.50:0.95 | area= small | maxDets=100 ] = 0.002\n Average Precision  (AP) @[ IoU=0.50:0.95 | area=medium | maxDets=100 ] = 0.072\n Average Precision  (AP) @[ IoU=0.50:0.95 | area= large | maxDets=100 ] = 0.526\n Average Recall     (AR) @[ IoU=0.50:0.95 | area=   all | maxDets=  1 ] = 0.449\n Average Recall     (AR) @[ IoU=0.50:0.95 | area=   all | maxDets= 10 ] = 0.797\n Average Recall     (AR) @[ IoU=0.50:0.95 | area=   all | maxDets=100 ] = 0.826\n Average Recall     (AR) @[ IoU=0.50:0.95 | area= small | maxDets=100 ] = 0.237\n Average Recall     (AR) @[ IoU=0.50:0.95 | area=medium | maxDets=100 ] = 0.472\n Average Recall     (AR) @[ IoU=0.50:0.95 | area= large | maxDets=100 ] = 0.836",
      "female": " Average Precision  (AP) @[ IoU=0.50:0.95 | area=   all | maxDets=100 ] = 0.404\n Average Precision  (AP) @[ IoU=0.50      | area=   all | maxDets=100 ] = 0.512\n Average Precision  (AP) @[ IoU=0.75      | area=   all | maxDets=100 ] = 0.450\n Average Precision  (AP) @[ IoU=0.50:0.95 | area= small | maxDets=100 ] = -1.000\n Average Precision  (AP) @[ IoU=0.50:0.95 | area=medium | maxDets=100 ] = 0.051\n Average Precision  (AP) @[ IoU=0.50:0.95 | area= large | maxDets=100 ] = 0.414\n Average Recall     (AR) @[ IoU=0.50:0.95 | area=   all | maxDets=  1 ] = 0.454\n Average Recall     (AR) @[ IoU=0.50:0.95 | area=   all | maxDets= 10 ] = 0.802\n Average Recall     (AR) @[ IoU=0.50:0.95 | area=   all | maxDets=100 ] = 0.827\n Average Recall     (AR) @[ IoU=0.50:0.95 | area= small | maxDets=100 ] = -1.000\n Average Recall     (AR) @[ IoU=0.50:0.95 | area=medium | maxDets=100 ] = 0.477\n Average Recall     (AR) @[ IoU=0.50:0.95 | area= large | maxDets=100 ] = 0.832"
    },
    "perturbed": {
      "male": " Average Precision  (AP) @[ IoU=0.50:0.95 | area=   all | maxDets=100 ] = 0.513\n Average Precision  (AP) @[ IoU=0.50      | area=   all | maxDets=100 ] = 0.631\n Average Precision  (AP) @[ IoU=0.75      | area=   all | maxDets=100 ] = 0.565\n Average Precision  (AP) @[ IoU=0.50:0.95 | area= small | maxDets=100 ] = 0.006\n Average Precision  (AP) @[ IoU=0.50:0.95 | area=medium | maxDets=100 ] = 0.076\n Average Precision  (AP) @[ IoU=0.50:0.95 | area= large | maxDets=100 ] = 0.528\n Average Recall     (AR) @[ IoU=0.50:0.95 | area=   all | maxDets=  1 ] = 0.455\n Average Recall     (AR) @[ IoU=0.50:0.95 | area=   all | maxDets= 10 ] = 0.799\n Average Recall     (AR) @[ IoU=0.50:0.95 | area=   all | maxDets=100 ] = 0.828\n Average Recall     (AR) @[ IoU=0.50:0.95 | area= small | maxDets=100 ] = 0.350\n Average Recall     (AR) @[ IoU=0.50:0.95 | area=medium | maxDets=100 ] = 0.472\n Average Recall     (AR) @[ IoU=0.50:0.95 | area= large | maxDets=100 ] = 0.838",
      "female": " Average Precision  (AP) @[ IoU=0.50:0.95 | area=   all | maxDets=100 ] = 0.408\n Average Precision  (AP) @[ IoU=0.50      | area=   all | maxDets=100 ] = 0.517\n Average Precision  (AP) @[ IoU=0.75      | area=   all | maxDets=100 ] = 0.455\n Average Precision  (AP) @[ IoU=0.50:0.95 | area= small | maxDets=100 ] = -1.000\n Average Precision  (AP) @[ IoU=0.50:0.95 | area=medium | maxDets=100 ] = 0.047\n Average Precision  (AP) @[ IoU=0.50:0.95 | area= large | maxDets=100 ] = 0.418\n Average Recall     (AR) @[ IoU=0.50:0.95 | area=   all | maxDets=  1 ] = 0.452\n Average Recall     (AR) @[ IoU=0.50:0.95 | area=   all | maxDets= 10 ] = 0.805\n Average Recall     (AR) @[ IoU=0.50:0.95 | area=   all | maxDets=100 ] = 0.830\n Average Recall     (AR) @[ IoU=0.50:0.95 | area= small | maxDets=100 ] = -1.000\n Average Recall     (AR) @[ IoU=0.50:0.95 | area=medium | maxDets=100 ] = 0.484\n Average Recall     (AR) @[ IoU=0.50:0.95 | area= large | maxDets=100 ] = 0.835"
    }
  },
  "gaps": {
    "AP": {
      "baseline": 0.10638733143503637,
      "perturbed": 0.10454647513619986
    },
    "AR": {
      "baseline": -0.0013985417687754076,
      "perturbed": -0.002653537244571069
    }
  },
  "hyperparams": {
    "epsilon": 0.05,
    "generator_checkpoint": "/home/dohyeong/Desktop/faap_gan/faap_outputs_w/checkpoints/epoch_0006.pth",
    "detr_checkpoint": "/home/dohyeong/Desktop/detr/detr-r50-e632da11.pth",
    "split": "val",
    "batch_size": 16
  },
  "notes": {
    "perturbation_applied_to_male": true,
    "perturbation_applied_to_female": true
  }
}