{
  "checkpoint1": {
    "path": "faap_outputs/faap_outputs_fix11_contrastive_gpu_20260410/checkpoints/epoch_0008.pth",
    "epoch": 8,
    "disp_female": 0.11938762664794922,
    "disp_male": 0.12501117587089539,
    "disp_ratio": 0.955015628132689,
    "center_dist_before": 0.07058599591255188,
    "center_dist_after": 0.0663544088602066,
    "center_dist_delta": -0.004231587052345276,
    "cos_sim_before": 0.9969814419746399,
    "cos_sim_after": 0.997347354888916,
    "cos_sim_delta": 0.00036591291427612305,
    "n_female": 250,
    "n_male": 254
  },
  "checkpoint2": {
    "path": "faap_outputs/faap_outputs_fix11_contrastive_gpu_ablation_no_l2_20260415/checkpoints/epoch_0008.pth",
    "epoch": 8,
    "disp_female": 0.15534351766109467,
    "disp_male": 0.17374750971794128,
    "disp_ratio": 0.8940762253990095,
    "center_dist_before": 0.06620680540800095,
    "center_dist_after": 0.06638775765895844,
    "center_dist_delta": 0.00018095225095748901,
    "cos_sim_before": 0.9971380233764648,
    "cos_sim_after": 0.9970784783363342,
    "cos_sim_delta": -5.9545040130615234e-05,
    "n_female": 250,
    "n_male": 254
  }
}