{
  "checkpoint1": {
    "path": "faap_outputs/faap_outputs_fix11_contrastive_gpu_20260410/checkpoints/epoch_0009.pth",
    "epoch": 9,
    "disp_female": 0.12738803029060364,
    "disp_male": 0.13879084587097168,
    "disp_ratio": 0.917841731500298,
    "center_dist_before": 0.07058599591255188,
    "center_dist_after": 0.06619487702846527,
    "center_dist_delta": -0.004391118884086609,
    "cos_sim_before": 0.9969814419746399,
    "cos_sim_after": 0.9973632097244263,
    "cos_sim_delta": 0.00038176774978637695,
    "n_female": 250,
    "n_male": 254
  },
  "checkpoint2": {
    "path": "faap_outputs/faap_outputs_fix11_contrastive_gpu_ablation_no_l2_20260415/checkpoints/epoch_0009.pth",
    "epoch": 9,
    "disp_female": 0.1612299680709839,
    "disp_male": 0.18049749732017517,
    "disp_ratio": 0.8932532055277552,
    "center_dist_before": 0.06290023028850555,
    "center_dist_after": 0.06388424336910248,
    "center_dist_delta": 0.0009840130805969238,
    "cos_sim_before": 0.9974251389503479,
    "cos_sim_after": 0.9973020553588867,
    "cos_sim_delta": -0.00012308359146118164,
    "n_female": 250,
    "n_male": 254
  }
}