{
  "checkpoint1": {
    "path": "faap_outputs/faap_outputs_fix11_contrastive_gpu_20260410/checkpoints/epoch_0004.pth",
    "epoch": 4,
    "disp_female": 0.11687356233596802,
    "disp_male": 0,
    "disp_ratio": 11687356.233596802,
    "center_dist_before": 0.9032701253890991,
    "center_dist_after": 0.9067956209182739,
    "center_dist_delta": 0.0035254955291748047,
    "cos_sim_before": 0.0,
    "cos_sim_after": 0.0,
    "cos_sim_delta": 0.0,
    "n_female": 500,
    "n_male": 0
  },
  "checkpoint2": {
    "path": "faap_outputs/faap_outputs_fix11_contrastive_gpu_ablation_no_l2_20260415/checkpoints/epoch_0004.pth",
    "epoch": 4,
    "disp_female": 0.11773965507745743,
    "disp_male": 0,
    "disp_ratio": 11773965.507745743,
    "center_dist_before": 0.8756231069564819,
    "center_dist_after": 0.8728771209716797,
    "center_dist_delta": -0.002745985984802246,
    "cos_sim_before": 0.0,
    "cos_sim_after": 0.0,
    "cos_sim_delta": 0.0,
    "n_female": 500,
    "n_male": 0
  }
}