{
  "checkpoint1": {
    "path": "faap_outputs/faap_outputs_fix11_contrastive_gpu_20260410/checkpoints/epoch_0014.pth",
    "epoch": 14,
    "disp_female": 0.13578562438488007,
    "disp_male": 0.1504238247871399,
    "disp_ratio": 0.9026869551882896,
    "center_dist_before": 0.07058599591255188,
    "center_dist_after": 0.06686744093894958,
    "center_dist_delta": -0.003718554973602295,
    "cos_sim_before": 0.9969814419746399,
    "cos_sim_after": 0.9973109364509583,
    "cos_sim_delta": 0.0003294944763183594,
    "n_female": 250,
    "n_male": 254
  },
  "checkpoint2": {
    "path": "faap_outputs/faap_outputs_fix11_contrastive_gpu_ablation_no_l2_20260415/checkpoints/epoch_0014.pth",
    "epoch": 14,
    "disp_female": 0.18378682434558868,
    "disp_male": 0.20961491763591766,
    "disp_ratio": 0.8767831336546855,
    "center_dist_before": 0.06178722158074379,
    "center_dist_after": 0.06917205452919006,
    "center_dist_delta": 0.007384832948446274,
    "cos_sim_before": 0.9974969625473022,
    "cos_sim_after": 0.9967751502990723,
    "cos_sim_delta": -0.0007218122482299805,
    "n_female": 250,
    "n_male": 254
  }
}