{
  "checkpoint1": {
    "path": "faap_outputs/faap_outputs_fix11_contrastive_gpu_20260410/checkpoints/epoch_0002.pth",
    "epoch": 2,
    "disp_female": 0.08385266363620758,
    "disp_male": 0.09408977627754211,
    "disp_ratio": 0.891198459106359,
    "center_dist_before": 0.07058599591255188,
    "center_dist_after": 0.0685240775346756,
    "center_dist_delta": -0.0020619183778762817,
    "cos_sim_before": 0.9969814419746399,
    "cos_sim_after": 0.9971610903739929,
    "cos_sim_delta": 0.00017964839935302734,
    "n_female": 250,
    "n_male": 254
  },
  "checkpoint2": {
    "path": "faap_outputs/faap_outputs_fix11_contrastive_gpu_ablation_no_l2_20260415/checkpoints/epoch_0002.pth",
    "epoch": 2,
    "disp_female": 0.07428073137998581,
    "disp_male": 0.08233415335416794,
    "disp_ratio": 0.9021861324116665,
    "center_dist_before": 0.06321189552545547,
    "center_dist_after": 0.06274181604385376,
    "center_dist_delta": -0.0004700794816017151,
    "cos_sim_before": 0.9974081516265869,
    "cos_sim_after": 0.9974295496940613,
    "cos_sim_delta": 2.1398067474365234e-05,
    "n_female": 250,
    "n_male": 254
  }
}