{
  "checkpoint1": {
    "path": "faap_outputs/faap_outputs_fix11_contrastive_gpu_20260410/checkpoints/epoch_0006.pth",
    "epoch": 6,
    "disp_female": 0.11732286214828491,
    "disp_male": 0.1297697126865387,
    "disp_ratio": 0.9040850882646292,
    "center_dist_before": 0.07058599591255188,
    "center_dist_after": 0.0651865005493164,
    "center_dist_delta": -0.005399495363235474,
    "cos_sim_before": 0.9969814419746399,
    "cos_sim_after": 0.9974390268325806,
    "cos_sim_delta": 0.00045758485794067383,
    "n_female": 250,
    "n_male": 254
  },
  "checkpoint2": {
    "path": "faap_outputs/faap_outputs_fix11_contrastive_gpu_ablation_no_l2_20260415/checkpoints/epoch_0006.pth",
    "epoch": 6,
    "disp_female": 0.13427840173244476,
    "disp_male": 0.1505773365497589,
    "disp_ratio": 0.8917570519523162,
    "center_dist_before": 0.06676802039146423,
    "center_dist_after": 0.06335186958312988,
    "center_dist_delta": -0.0034161508083343506,
    "cos_sim_before": 0.9971035122871399,
    "cos_sim_after": 0.9973332285881042,
    "cos_sim_delta": 0.00022971630096435547,
    "n_female": 250,
    "n_male": 254
  }
}