{
  "checkpoint1": {
    "path": "faap_outputs/faap_outputs_fix11_contrastive_gpu_20260410/checkpoints/epoch_0004.pth",
    "epoch": 4,
    "disp_female": 0.11585770547389984,
    "disp_male": 0.13025254011154175,
    "disp_ratio": 0.8894851906510622,
    "center_dist_before": 0.07058599591255188,
    "center_dist_after": 0.06571924686431885,
    "center_dist_delta": -0.004866749048233032,
    "cos_sim_before": 0.9969814419746399,
    "cos_sim_after": 0.9973949790000916,
    "cos_sim_delta": 0.00041353702545166016,
    "n_female": 250,
    "n_male": 254
  },
  "checkpoint2": {
    "path": "faap_outputs/faap_outputs_fix11_contrastive_gpu_ablation_no_l2_20260415/checkpoints/epoch_0004.pth",
    "epoch": 4,
    "disp_female": 0.11764656007289886,
    "disp_male": 0.1311931014060974,
    "disp_ratio": 0.8967434934610903,
    "center_dist_before": 0.06484624743461609,
    "center_dist_after": 0.06307350099086761,
    "center_dist_delta": -0.0017727464437484741,
    "cos_sim_before": 0.9972968101501465,
    "cos_sim_after": 0.9974324703216553,
    "cos_sim_delta": 0.00013566017150878906,
    "n_female": 250,
    "n_male": 254
  }
}