{
  "checkpoint1": {
    "path": "faap_outputs/faap_outputs_fix11_contrastive_gpu_20260410/checkpoints/epoch_0011.pth",
    "epoch": 11,
    "disp_female": 0.13047055900096893,
    "disp_male": 0.1417333483695984,
    "disp_ratio": 0.9205353609564105,
    "center_dist_before": 0.07058599591255188,
    "center_dist_after": 0.06602147966623306,
    "center_dist_delta": -0.004564516246318817,
    "cos_sim_before": 0.9969814419746399,
    "cos_sim_after": 0.9973791837692261,
    "cos_sim_delta": 0.00039774179458618164,
    "n_female": 250,
    "n_male": 254
  },
  "checkpoint2": {
    "path": "faap_outputs/faap_outputs_fix11_contrastive_gpu_ablation_no_l2_20260415/checkpoints/epoch_0011.pth",
    "epoch": 11,
    "disp_female": 0.17030216753482819,
    "disp_male": 0.19289825856685638,
    "disp_ratio": 0.8828600569030195,
    "center_dist_before": 0.0632462128996849,
    "center_dist_after": 0.06423642486333847,
    "center_dist_delta": 0.0009902119636535645,
    "cos_sim_before": 0.9973992705345154,
    "cos_sim_after": 0.9972479939460754,
    "cos_sim_delta": -0.0001512765884399414,
    "n_female": 250,
    "n_male": 254
  }
}