{
  "checkpoint1": {
    "path": "faap_outputs/faap_outputs_fix11_contrastive_gpu_20260410/checkpoints/epoch_0001.pth",
    "epoch": 1,
    "disp_female": 0.06031402572989464,
    "disp_male": 0,
    "disp_ratio": 6031402.572989464,
    "center_dist_before": 0.9032701253890991,
    "center_dist_after": 0.9040546417236328,
    "center_dist_delta": 0.0007845163345336914,
    "cos_sim_before": 0.0,
    "cos_sim_after": 0.0,
    "cos_sim_delta": 0.0,
    "n_female": 500,
    "n_male": 0
  },
  "checkpoint2": {
    "path": "faap_outputs/faap_outputs_fix11_contrastive_gpu_ablation_no_l2_20260415/checkpoints/epoch_0001.pth",
    "epoch": 1,
    "disp_female": 0.07484594732522964,
    "disp_male": 0,
    "disp_ratio": 7484594.7325229645,
    "center_dist_before": 0.8672868013381958,
    "center_dist_after": 0.8640342950820923,
    "center_dist_delta": -0.0032525062561035156,
    "cos_sim_before": 0.0,
    "cos_sim_after": 0.0,
    "cos_sim_delta": 0.0,
    "n_female": 500,
    "n_male": 0
  }
}