{
  "checkpoint1": {
    "path": "faap_outputs/faap_outputs_fix11_contrastive_gpu_20260410/checkpoints/epoch_0000.pth",
    "epoch": 0,
    "disp_female": 0.05495918542146683,
    "disp_male": 0.05778935179114342,
    "disp_ratio": 0.9510261617070027,
    "center_dist_before": 0.07058599591255188,
    "center_dist_after": 0.06837289035320282,
    "center_dist_delta": -0.00221310555934906,
    "cos_sim_before": 0.9969814419746399,
    "cos_sim_after": 0.9971646070480347,
    "cos_sim_delta": 0.0001831650733947754,
    "n_female": 250,
    "n_male": 254
  },
  "checkpoint2": {
    "path": "faap_outputs/faap_outputs_fix11_contrastive_gpu_ablation_no_l2_20260415/checkpoints/epoch_0000.pth",
    "epoch": 0,
    "disp_female": 0.04568798467516899,
    "disp_male": 0.053633905947208405,
    "disp_ratio": 0.8518489166188913,
    "center_dist_before": 0.06570897251367569,
    "center_dist_after": 0.06746381521224976,
    "center_dist_delta": 0.0017548426985740662,
    "cos_sim_before": 0.99726402759552,
    "cos_sim_after": 0.9971233010292053,
    "cos_sim_delta": -0.00014072656631469727,
    "n_female": 250,
    "n_male": 254
  }
}