{
  "checkpoint1": {
    "path": "faap_outputs/faap_outputs_fix11_contrastive_gpu_20260410/checkpoints/epoch_0013.pth",
    "epoch": 13,
    "disp_female": 0.13539046049118042,
    "disp_male": 0.14937567710876465,
    "disp_ratio": 0.9063755432726762,
    "center_dist_before": 0.07058599591255188,
    "center_dist_after": 0.06751489639282227,
    "center_dist_delta": -0.0030710995197296143,
    "cos_sim_before": 0.9969814419746399,
    "cos_sim_after": 0.9972574710845947,
    "cos_sim_delta": 0.000276029109954834,
    "n_female": 250,
    "n_male": 254
  },
  "checkpoint2": {
    "path": "faap_outputs/faap_outputs_fix11_contrastive_gpu_ablation_no_l2_20260415/checkpoints/epoch_0013.pth",
    "epoch": 13,
    "disp_female": 0.17421551048755646,
    "disp_male": 0.199015274643898,
    "disp_ratio": 0.8753876344380286,
    "center_dist_before": 0.06194119155406952,
    "center_dist_after": 0.06849587708711624,
    "center_dist_delta": 0.006554685533046722,
    "cos_sim_before": 0.9974958896636963,
    "cos_sim_after": 0.9968717694282532,
    "cos_sim_delta": -0.0006241202354431152,
    "n_female": 250,
    "n_male": 254
  }
}