{
  "checkpoint1": {
    "path": "faap_outputs/faap_outputs_fix11_contrastive_gpu_20260410/checkpoints/epoch_0010.pth",
    "epoch": 10,
    "disp_female": 0.13590842485427856,
    "disp_male": 0.1510065346956253,
    "disp_ratio": 0.9000168444910077,
    "center_dist_before": 0.07058599591255188,
    "center_dist_after": 0.06704071164131165,
    "center_dist_delta": -0.0035452842712402344,
    "cos_sim_before": 0.9969814419746399,
    "cos_sim_after": 0.9972958564758301,
    "cos_sim_delta": 0.00031441450119018555,
    "n_female": 250,
    "n_male": 254
  },
  "checkpoint2": {
    "path": "faap_outputs/faap_outputs_fix11_contrastive_gpu_ablation_no_l2_20260415/checkpoints/epoch_0010.pth",
    "epoch": 10,
    "disp_female": 0.16340233385562897,
    "disp_male": 0.18313667178153992,
    "disp_ratio": 0.8922425654352196,
    "center_dist_before": 0.06250589340925217,
    "center_dist_after": 0.06400156021118164,
    "center_dist_delta": 0.0014956668019294739,
    "cos_sim_before": 0.9974768757820129,
    "cos_sim_after": 0.9973166584968567,
    "cos_sim_delta": -0.00016021728515625,
    "n_female": 250,
    "n_male": 254
  }
}