{
  "checkpoint1": {
    "path": "faap_outputs/faap_outputs_fix11_contrastive_gpu_20260410/checkpoints/epoch_0007.pth",
    "epoch": 7,
    "disp_female": 0.12639854848384857,
    "disp_male": 0,
    "disp_ratio": 12639854.848384857,
    "center_dist_before": 0.9032701253890991,
    "center_dist_after": 0.9073722958564758,
    "center_dist_delta": 0.004102170467376709,
    "cos_sim_before": 0.0,
    "cos_sim_after": 0.0,
    "cos_sim_delta": 0.0,
    "n_female": 500,
    "n_male": 0
  },
  "checkpoint2": {
    "path": "faap_outputs/faap_outputs_fix11_contrastive_gpu_ablation_no_l2_20260415/checkpoints/epoch_0007.pth",
    "epoch": 7,
    "disp_female": 0.14671503007411957,
    "disp_male": 0,
    "disp_ratio": 14671503.007411957,
    "center_dist_before": 0.8608160614967346,
    "center_dist_after": 0.8563395142555237,
    "center_dist_delta": -0.0044765472412109375,
    "cos_sim_before": 0.0,
    "cos_sim_after": 0.0,
    "cos_sim_delta": 0.0,
    "n_female": 500,
    "n_male": 0
  }
}