{
  "checkpoint1": {
    "path": "faap_outputs/faap_outputs_fix11_contrastive_gpu_20260410/checkpoints/epoch_0007.pth",
    "epoch": 7,
    "disp_female": 0.12450450658798218,
    "disp_male": 0.1398109495639801,
    "disp_ratio": 0.8905204275935955,
    "center_dist_before": 0.07058599591255188,
    "center_dist_after": 0.0683366134762764,
    "center_dist_delta": -0.002249382436275482,
    "cos_sim_before": 0.9969814419746399,
    "cos_sim_after": 0.9971859455108643,
    "cos_sim_delta": 0.00020450353622436523,
    "n_female": 250,
    "n_male": 254
  },
  "checkpoint2": {
    "path": "faap_outputs/faap_outputs_fix11_contrastive_gpu_ablation_no_l2_20260415/checkpoints/epoch_0007.pth",
    "epoch": 7,
    "disp_female": 0.14607147872447968,
    "disp_male": 0.1643962860107422,
    "disp_ratio": 0.8885327173080716,
    "center_dist_before": 0.06366290897130966,
    "center_dist_after": 0.06164613738656044,
    "center_dist_delta": -0.002016771584749222,
    "cos_sim_before": 0.9973316192626953,
    "cos_sim_after": 0.9974472522735596,
    "cos_sim_delta": 0.00011563301086425781,
    "n_female": 250,
    "n_male": 254
  }
}