{
  "checkpoint1": {
    "path": "faap_outputs/faap_outputs_fix11_contrastive_gpu_20260410/checkpoints/epoch_0001.pth",
    "epoch": 1,
    "disp_female": 0.06160430237650871,
    "disp_male": 0.06429659575223923,
    "disp_ratio": 0.958126968555147,
    "center_dist_before": 0.07058599591255188,
    "center_dist_after": 0.06862453371286392,
    "center_dist_delta": -0.0019614621996879578,
    "cos_sim_before": 0.9969814419746399,
    "cos_sim_after": 0.9971466660499573,
    "cos_sim_delta": 0.0001652240753173828,
    "n_female": 250,
    "n_male": 254
  },
  "checkpoint2": {
    "path": "faap_outputs/faap_outputs_fix11_contrastive_gpu_ablation_no_l2_20260415/checkpoints/epoch_0001.pth",
    "epoch": 1,
    "disp_female": 0.07850220054388046,
    "disp_male": 0.08596709370613098,
    "disp_ratio": 0.9131656911914641,
    "center_dist_before": 0.06953087449073792,
    "center_dist_after": 0.07004799693822861,
    "center_dist_delta": 0.0005171224474906921,
    "cos_sim_before": 0.9969457983970642,
    "cos_sim_after": 0.9968743324279785,
    "cos_sim_delta": -7.146596908569336e-05,
    "n_female": 250,
    "n_male": 254
  }
}