{
  "checkpoint1": {
    "path": "faap_outputs/faap_outputs_fix11_contrastive_gpu_20260410/checkpoints/epoch_0000.pth",
    "epoch": 0,
    "disp_female": 0.05249606817960739,
    "disp_male": 0,
    "disp_ratio": 5249606.817960739,
    "center_dist_before": 0.9032701253890991,
    "center_dist_after": 0.9034534096717834,
    "center_dist_delta": 0.00018328428268432617,
    "cos_sim_before": 0.0,
    "cos_sim_after": 0.0,
    "cos_sim_delta": 0.0,
    "n_female": 500,
    "n_male": 0
  },
  "checkpoint2": {
    "path": "faap_outputs/faap_outputs_fix11_contrastive_gpu_ablation_no_l2_20260415/checkpoints/epoch_0000.pth",
    "epoch": 0,
    "disp_female": 0.045605551451444626,
    "disp_male": 0,
    "disp_ratio": 4560555.145144463,
    "center_dist_before": 0.8744731545448303,
    "center_dist_after": 0.8739164471626282,
    "center_dist_delta": -0.0005567073822021484,
    "cos_sim_before": 0.0,
    "cos_sim_after": 0.0,
    "cos_sim_delta": 0.0,
    "n_female": 500,
    "n_male": 0
  }
}