{
  "checkpoint1": {
    "path": "faap_outputs/faap_outputs_fix11_contrastive_gpu_20260410/checkpoints/epoch_0012.pth",
    "epoch": 12,
    "disp_female": 0.13194943964481354,
    "disp_male": 0.14324364066123962,
    "disp_ratio": 0.9211539097701655,
    "center_dist_before": 0.07058599591255188,
    "center_dist_after": 0.06692962348461151,
    "center_dist_delta": -0.0036563724279403687,
    "cos_sim_before": 0.9969814419746399,
    "cos_sim_after": 0.9973053336143494,
    "cos_sim_delta": 0.00032389163970947266,
    "n_female": 250,
    "n_male": 254
  },
  "checkpoint2": {
    "path": "faap_outputs/faap_outputs_fix11_contrastive_gpu_ablation_no_l2_20260415/checkpoints/epoch_0012.pth",
    "epoch": 12,
    "disp_female": 0.1708342283964157,
    "disp_male": 0.18872211873531342,
    "disp_ratio": 0.9052157189694027,
    "center_dist_before": 0.062106404453516006,
    "center_dist_after": 0.06494402140378952,
    "center_dist_delta": 0.002837616950273514,
    "cos_sim_before": 0.9974997043609619,
    "cos_sim_after": 0.9972109794616699,
    "cos_sim_delta": -0.0002887248992919922,
    "n_female": 250,
    "n_male": 254
  }
}