{
  "checkpoint1": {
    "path": "faap_outputs/faap_outputs_fix11_contrastive_gpu_20260410/checkpoints/epoch_0013.pth",
    "epoch": 13,
    "disp_female": 0.14069107174873352,
    "disp_male": 0,
    "disp_ratio": 14069107.174873352,
    "center_dist_before": 0.9032701253890991,
    "center_dist_after": 0.9080299139022827,
    "center_dist_delta": 0.004759788513183594,
    "cos_sim_before": 0.0,
    "cos_sim_after": 0.0,
    "cos_sim_delta": 0.0,
    "n_female": 500,
    "n_male": 0
  },
  "checkpoint2": {
    "path": "faap_outputs/faap_outputs_fix11_contrastive_gpu_ablation_no_l2_20260415/checkpoints/epoch_0013.pth",
    "epoch": 13,
    "disp_female": 0.17784354090690613,
    "disp_male": 0,
    "disp_ratio": 17784354.090690613,
    "center_dist_before": 0.8722483515739441,
    "center_dist_after": 0.8638189435005188,
    "center_dist_delta": -0.008429408073425293,
    "cos_sim_before": 0.0,
    "cos_sim_after": 0.0,
    "cos_sim_delta": 0.0,
    "n_female": 500,
    "n_male": 0
  }
}