{
  "checkpoint1": {
    "path": "faap_outputs/faap_outputs_fix11_contrastive_gpu_20260410/checkpoints/epoch_0005.pth",
    "epoch": 5,
    "disp_female": 0.11044563353061676,
    "disp_male": 0,
    "disp_ratio": 11044563.353061676,
    "center_dist_before": 0.9032701253890991,
    "center_dist_after": 0.9067310094833374,
    "center_dist_delta": 0.0034608840942382812,
    "cos_sim_before": 0.0,
    "cos_sim_after": 0.0,
    "cos_sim_delta": 0.0,
    "n_female": 500,
    "n_male": 0
  },
  "checkpoint2": {
    "path": "faap_outputs/faap_outputs_fix11_contrastive_gpu_ablation_no_l2_20260415/checkpoints/epoch_0005.pth",
    "epoch": 5,
    "disp_female": 0.1210339143872261,
    "disp_male": 0,
    "disp_ratio": 12103391.43872261,
    "center_dist_before": 0.8920767307281494,
    "center_dist_after": 0.8886380791664124,
    "center_dist_delta": -0.0034386515617370605,
    "cos_sim_before": 0.0,
    "cos_sim_after": 0.0,
    "cos_sim_delta": 0.0,
    "n_female": 500,
    "n_male": 0
  }
}