{
  "checkpoint1": {
    "path": "faap_outputs/faap_outputs_fix11_contrastive_gpu_20260410/checkpoints/epoch_0003.pth",
    "epoch": 3,
    "disp_female": 0.08054177463054657,
    "disp_male": 0.08574719727039337,
    "disp_ratio": 0.9392933786111733,
    "center_dist_before": 0.07058599591255188,
    "center_dist_after": 0.0677902102470398,
    "center_dist_delta": -0.002795785665512085,
    "cos_sim_before": 0.9969814419746399,
    "cos_sim_after": 0.9972261786460876,
    "cos_sim_delta": 0.0002447366714477539,
    "n_female": 250,
    "n_male": 254
  },
  "checkpoint2": {
    "path": "faap_outputs/faap_outputs_fix11_contrastive_gpu_ablation_no_l2_20260415/checkpoints/epoch_0003.pth",
    "epoch": 3,
    "disp_female": 0.0879855528473854,
    "disp_male": 0.1030598059296608,
    "disp_ratio": 0.8537329568370845,
    "center_dist_before": 0.06052251160144806,
    "center_dist_after": 0.061118870973587036,
    "center_dist_delta": 0.000596359372138977,
    "cos_sim_before": 0.9977734088897705,
    "cos_sim_after": 0.9977092742919922,
    "cos_sim_delta": -6.413459777832031e-05,
    "n_female": 250,
    "n_male": 254
  }
}