{
  "checkpoint1": {
    "path": "faap_outputs/faap_outputs_fix11_contrastive_gpu_20260410/checkpoints/epoch_0005.pth",
    "epoch": 5,
    "disp_female": 0.11081252992153168,
    "disp_male": 0.11943713575601578,
    "disp_ratio": 0.9277895791799436,
    "center_dist_before": 0.07058599591255188,
    "center_dist_after": 0.0658843070268631,
    "center_dist_delta": -0.004701688885688782,
    "cos_sim_before": 0.9969814419746399,
    "cos_sim_after": 0.9973814487457275,
    "cos_sim_delta": 0.0004000067710876465,
    "n_female": 250,
    "n_male": 254
  },
  "checkpoint2": {
    "path": "faap_outputs/faap_outputs_fix11_contrastive_gpu_ablation_no_l2_20260415/checkpoints/epoch_0005.pth",
    "epoch": 5,
    "disp_female": 0.1210670918226242,
    "disp_male": 0.1396530568599701,
    "disp_ratio": 0.8669132960262946,
    "center_dist_before": 0.05706813186407089,
    "center_dist_after": 0.055141642689704895,
    "center_dist_delta": -0.0019264891743659973,
    "cos_sim_before": 0.9979743957519531,
    "cos_sim_after": 0.9980857372283936,
    "cos_sim_delta": 0.00011134147644042969,
    "n_female": 250,
    "n_male": 254
  }
}